{
  "mean": [
    0.5643529891967773,
    0.45128947496414185,
    0.48241177201271057
  ],
  "std": [
    0.3181159496307373,
    0.2571294903755188,
    0.27148690819740295
  ]
}